Components,Variance
1,49.621659
2,26.656306
3,18.004918
4,5.01142
